Country,Date,TotalDiagnoses,NewDiagnoses,TotalDeath,NewDeath,TotalCured,InCuring,Severe,DiagnosisRatePerMillionPeople,DeathRatePerMillionPeople,TotalInspections,InspectionRatePerMillionPeople
全球,2020/2/1,14543,23,304,,,,,,,,,,,
全球,2020/2/2,17384,2841,362,58,,,,,,,,,,
全球,2020/2/3,20624,3240,426,64,,,,,,,,,,
全球,2020/2/4,24522,3898,492,66,,,,,,,,,,
全球,2020/2/5,28251,3729,565,73,,,,,,,,,,
全球,2020/2/6,31427,3176,638,73,,,,,,,,,,
全球,2020/2/7,34868,3441,724,86,,,,,,,,,,
全球,2020/2/8,37544,2676,813,89,,,,,,,,,,
全球,2020/2/9,40542,2998,910,97,,,,,,,,,,
全球,2020/2/10,43027,2485,1018,108,,,,,,,,,,
全球,2020/2/11,45125,2098,1115,97,,,,,,,,,,
全球,2020/2/12,60323,15198,1261,146,,,,,,,,,,
全球,2020/2/13,64379,4056,1382,121,,,,,,,,,,
全球,2020/2/14,67081,2702,1526,144,,,,,,,,,,
全球,2020/2/15,69110,2029,1669,143,,,,,,,,,,
全球,2020/2/16,71317,2207,1775,106,,,,,,,,,,
全球,2020/2/17,73322,2005,1873,98,,,,,,,,,,
全球,2020/2/18,75083,1761,2009,136,,,,,,,,,,
全球,2020/2/19,75599,516,2124,115,,,,,,,,,,
全球,2020/2/20,77086,1487,2247,123,,,,,,,,,,
全球,2020/2/21,77592,506,2356,109,,,,,,,,,,
全球,2020/2/22,78248,656,2456,100,,,,,,,,,,
全球,2020/2/23,79031,783,2612,156,,,,,,,,,,
全球,2020/2/24,79848,817,2689,77,,,,,,,,,,
全球,2020/2/25,80649,801,2752,63,,,,,,,,,,
全球,2020/2/26,81550,901,2791,39,,,,,,,,,,
全球,2020/2/27,82622,1072,2848,57,,,,,,,,,,
全球,2020/2/28,84080,1458,2905,57,,,,,,,,,,
全球,2020/2/29,85977,1897,2959,54,,,,,,,,,,
全球,2020/3/1,87343,1366,3019,60,,,,,,,,,,
全球,2020/3/2,89106,1763,3074,55,,,,,,,,,,
全球,2020/3/3,90975,1869,3150,76,,,,,,,,,,
全球,2020/3/4,93233,2258,3229,79,,,,,,,,,,
全球,2020/3/5,95481,2248,3312,83,,,,,,,,,,
全球,2020/3/6,98297,2816,3409,97,,,,,,,,,,
全球,2020/3/7,102050,3753,3521,112,55932,42597,6395,,,,,,,
全球,2020/3/8,105873,3823,3615,94,58519,43739,6253,,,,,,,
全球,2020/3/9,110074,4201,3848,233,60789,45437,6135,,,,,,,
全球,2020/3/10,114501,4427,4051,203,62776,47674,6094,,,,,,,
全球,2020/3/11,118946,4445,4303,252,65114,49529,6046,,,,,,,
全球,2020/3/12,126090,7144,4634,331,67057,54399,5944,,,,,,,
全球,2020/3/13,134576,8486,4992,358,68932,60652,5994,,,,,,,
全球,2020/3/14,145380,10804,5438,446,70931,69011,5990,18.6,,,,,,
全球,2020/3/15,156511,11131,5841,403,74466,76204,5909,20.1,,,,,,
全球,2020/3/16,169627,13116,6533,692,76618,86476,5921,21.7,,,,,,
全球,2020/3/17,181955,12328,7163,630,78340,96452,6162,23.3,,,,,,
全球,2020/3/18,198308,16353,7984,821,81734,108590,7020,25.4,,,,,,
全球,2020/3/19,218850,20542,8934,950,84386,125530,7158,28.1,,,,,,
全球,2020/3/20,245043,26193,10034,1100,87408,147601,7516,31.4,,,,,,
全球,2020/3/21,282906,37863,11821,1787,93510,177575,8094,36.3,,,,,,
全球,2020/3/22,307030,24124,13029,1208,94798,199203,9382,39.4,,,,,,
全球,2020/3/23,335542,28512,14611,1582,97636,223295,10640,43,,,,,,
全球,2020/3/24,378524,42982,16491,1880,101584,260449,12211,48.5,,,,,,
全球,2020/3/25,420835,42311,18800,2309,108323,293712,13262,54,2.4,,,,,
全球,2020/3/26,467397,46562,21160,2360,113808,332429,14909,59.9,2.7,,,,,
全球,2020/3/27,526071,58674,23721,2561,123337,379013,19430,67.5,3,,,,,
全球,2020/3/28,590658,64587,26966,3245,132490,431202,22086,75.8,3.5,,,,,
全球,2020/3/29,658672,68014,30471,3505,141420,486781,25248,84.5,3.9,,,,,
全球,2020/3/30,718897,60225,33897,3426,150918,534082,26743,92.2,4.3,,,,,
全球,2020/3/31,780506,61609,37551,3654,164631,578324,29467,100.1,4.8,,,,,
全球,2020/4/1,854039,73533,42014,4463,176906,635119,32280,109.6,5.4,,,,,
全球,2020/4/2,930819,76780,46781,4767,193750,690288,35475,119.4,6,,,,,
全球,2020/4/3,1009727,78908,51971,5190,211907,745849,37712,129.5,6.8,,,,,
全球,2020/4/4,1082202,72475,58779,6808,228109,795314,39403,140.4,7.5,,,,,
全球,2020/4/5,1182530,100328,64577,5798,246110,871843,42110,153.6,8.3,,,,,
全球,2020/4/6,1251288,68758,69321,4744,261134,920833,45532,162.7,8.9,,,,,
全球,2020/4/7,1324393,73105,74442,5121,278156,971795,47498,172,9.6,,,,,
全球,2020/4/8,1402629,78236,81857,7415,301623,1019149,47911,182.6,10.5,,,,,
全球,2020/4/9,1485407,82778,88100,6243,319292,1078015,48018,193.3,11.3,,,,,
全球,2020/4/10,1573971,88564,95385,7285,355392,1123194,48953,204.7,12.2,,,,,
全球,2020/4/11,1667246,93275,102399,7014,375321,1189526,49823,216.9,13.1,,,,,
全球,2020/4/12,1748913,81667,108477,6078,401498,1238938,50134,227.5,13.9,,,,,
全球,2020/4/13,1821865,72952,113902,5425,422488,1285475,50761,237,14.6,,,,,
全球,2020/4/14,1890452,68587,119212,5310,443192,1328048,51719,246.1,15.3,,,,,
全球,2020/4/15,1959595,69143,125951,6739,467074,1366570,51561,255.5,16.2,,,,,
全球,2020/4/16,2040130,80535,134020,8069,509067,1397043,51134,266,17.2,,,,,
全球,2020/4/17,2127583,87453,145417,11397,546743,1435423,56577,279.7,18.7,,,,,
全球,2020/4/18,2201506,73923,153818,8401,569937,1477751,56924,286.8,19.7,,,,,
全球,2020/4/19,2288798,87292,159747,5929,595381,1533670,55218,298,20.5,,,,,
全球,2020/4/20,2367742,78944,164856,5109,615703,1587183,54215,308,21.3,,,,,
全球,2020/4/21,2438771,71029,169948,5092,645019,1623804,56444,317,21.8,,,,,
全球,2020/4/22,2515331,76560,177177,7229,688356,1649798,57254,327,22.7,,,,,
全球,2020/4/23,2593158,77827,183723,6546,716731,1692704,56678,337.4,23.6,,,,,
全球,2020/4/24,2672915,79757,190110,6387,743567,1739238,58675,348,24.4,,,,,
全球,2020/4/25,2780925,108010,196575,6465,779766,1804584,58347,362,25.2,,,,,
全球,2020/4/26,2870677,89752,202558,5983,832702,1835417,58178,374,26,,,,,
全球,2020/4/27,2932425,61748,206728,4170,876488,1849209,57583,383,26.5,,,,,
全球,2020/4/28,3000760,68335,211065,4337,919366,1870329,56446,392,27.1,,,,,
全球,2020/4/29,3070544,69784,216987,5922,950878,1902679,56542,401,27.8,,,,,
全球,2020/4/30,3145204,74660,227368,10381,996827,1921009,59807,411,29.2,,,,,
全球,2020/5/1,3236425,91221,233641,6273,1037913,1964871,50958,423,30,,,,,
全球,2020/5/2,3326409,89984,239110,5469,1077834,2009465,51332,435,30.7,,,,,
全球,2020/5/3,3405673,79264,244105,4995,1114868,2046700,50844,445,31.3,,,,,
全球,2020/5/4,3492413,86740,247982,3877,1152914,2091517,50041,457,31.8,,,,,
全球,2020/5/5,3568045,75632,251612,3630,1187420,2129013,49626,466,32.3,,,,,
全球,2020/5/6,3646219,78174,257310,5698,1235728,2153181,49329,477,33,,,,,
全球,2020/5/7,3740311,94092,264020,6710,1287636,2188655,48073,489,33.9,,,,,
全球,2020/5/8,3832056,91745,270061,6041,1334586,2227409,48973,501,34.6,,,,,
全球,2020/5/9,3926218,94162,275399,5338,1375984,2274835,48648,513,35.3,,,,,
全球,2020/5/10,4008604,82386,279511,4112,1427069,2302024,47687,524,35.9,,,,,
全球,2020/5/11,4095895,87291,283584,4073,1468789,2343522,47015,535,36.4,,,,,
全球,2020/5/12,4165015,69120,286563,2979,1521397,2357055,46920,544,36.8,,,,,
全球,2020/5/13,4250593,85578,291818,5255,1575554,2383221,46357,555,37.4,,,,,
全球,2020/5/14,4337489,86896,297054,5236,1648397,2392038,45932,567,38.1,,,,,
全球,2020/5/15,4430343,92854,302017,4963,1697595,2430731,45555,579,38.8,,,,,
全球,2020/5/16,4528167,97824,306908,4891,1742819,2478440,45021,591,39.5,,,,,
全球,2020/5/17,4624307,96140,311203,4295,1803101,2510003,44631,604,40,,,,,
全球,2020/5/18,4710596,86289,315525,4322,1847793,2547278,44834,615,40.6,,,,,
全球,2020/5/19,4787067,76471,318312,2787,1893657,2575098,43871,625,40.9,,,,,
全球,2020/5/20,4887352,100285,323211,4899,1950673,2613468,45079,638,41.6,,,,,
全球,2020/5/21,4984372,97020,327695,4484,2001689,2654988,45769,650,42.2,,,,,
全球,2020/5/22,5088459,104087,332036,4341,2068425,2687998,45574,664,42.7,,,,,
全球,2020/5/23,5197845,109386,336962,4926,2139160,2721723,44693,678,43.5,,,,,
全球,2020/5/24,5303599,105754,341601,4639,2235279,2726719,53536,691,44.1,,,,,
全球,2020/5/25,5401158,97559,344307,2706,2291144,2765707,53197,704,44.4,,,,,
全球,2020/5/26,5485167,84009,346952,2645,2353734,2784481,53157,715,44.5,,,,,
全球,2020/5/27,5568287,83120,350403,3451,2417799,2800085,53036,725,45,,,,,
全球,2020/5/28,5679037,110750,355951,5548,2477342,2845744,52966,739,45.7,,,,,
全球,2020/5/29,5784591,105554,360474,4523,2570469,2853648,52864,753,46.2,,,,,
全球,2020/5/30,5909201,124610,365406,4932,2650522,2893273,53727,769,46.9,,,,,
全球,2020/5/31,6030923,121722,369567,4161,2712832,2948524,53301,785,47.4,,,,,
全球,2020/6/1,6161061,130138,373346,3779,2781931,3005784,53416,801,47.9,,,,,
全球,2020/6/2,6262308,101247,376497,3151,2886826,2998985,53378,814,48.3,,,,,
全球,2020/6/3,6365491,103183,380732,4235,2951362,3118372,54331,828,48.8,,,,,
全球,2020/6/4,6484820,119329,385394,4662,3110630,3035876,54186,838,49.4,,,,,
全球,2020/6/5,6629979,145159,391550,6156,3225836,3059667,55394,857,50.2,,,,,
全球,2020/6/6,6758937,128958,396798,5248,3310410,3098809,53498,873,50.9,,,,,
全球,2020/6/7,6899189,140252,400962,4164,3401558,3143749,53591,891,51.4,,,,,
全球,2020/6/8,7017118,117929,404585,3623,3450985,3208628,53665,906,51.9,,,,,
全球,2020/6/9,7120328,103210,407406,2821,3504300,3255702,53787,920,52.3,,,,,
全球,2020/6/10,7256106,135778,412766,5360,3592208,3298212,53933,937,53,,,,,
全球,2020/6/11,7389880,133774,417861,5095,3720526,3298571,53816,954,53.6,,,,,
全球,2020/6/12,7527431,137551,422812,4951,3831700,3319999,53849,972,54.2,,,,,
全球,2020/6/13,7665096,137665,427256,4444,3907775,3377145,53835,989,54.8,,,,,
全球,2020/6/14,7801746,136650,431537,4281,4016178,3401111,295807,1007,55.4,,,,,
全球,2020/6/15,7929355,127609,434974,3437,4095462,3445999,54099,1023,55.8,,,,,
全球,2020/6/16,8065497,136142,439050,4076,4213182,3460345,54570,1041,56.3,,,,,
全球,2020/6/17,8181382,115885,444461,5411,4289098,3494903,54308,1056,57,,,,,
全球,2020/6/18,8332195,150813,450109,5648,4375596,3553570,54480,1075,57.7,,,,,
全球,2020/6/19,8504776,172581,455175,5066,4501293,3595388,54620,1097,58.4,,,,,
全球,2020/6/20,8687145,182369,461492,6317,4615325,3657408,54800,1121,59.2,,,,,
全球,2020/6/21,8847605,160460,465941,4449,4724625,3704119,54492,1141,59.8,,,,,
全球,2020/6/22,8979521,131916,469399,3458,4793295,3763907,54729,1158,60.2,,,,,
美国,2020/2/1,7,,0,0,,,,,,,,,,
美国,2020/2/2,8,1,0,0,,,,,,,,,,
美国,2020/2/3,11,3,0,0,,,,,,,,,,
美国,2020/2/4,11,0,0,0,,,,,,,,,,
美国,2020/2/5,11,0,0,0,,,,,,,,,,
美国,2020/2/6,12,1,0,0,,,,,,,,,,
美国,2020/2/7,12,0,0,0,,,,,,,,,,
美国,2020/2/8,12,0,0,0,,,,,,,,,,
美国,2020/2/9,12,0,0,0,,,,,,,,,,
美国,2020/2/10,12,0,0,0,,,,,,,,,,
美国,2020/2/11,13,1,0,0,,,,,,,,,,
美国,2020/2/12,13,0,0,0,,,,,,,,,,
美国,2020/2/13,14,1,0,0,,,,,,,,,,
美国,2020/2/14,15,1,0,0,,,,,,,,,,
美国,2020/2/15,15,0,0,0,,,,,,,,,,
美国,2020/2/16,15,0,0,0,,,,,,,,,,
美国,2020/2/17,15,0,0,0,,,,,,,,,,
美国,2020/2/18,15,0,0,0,,,,,,,,,,
美国,2020/2/19,15,0,0,0,,,,,,,,,,
美国,2020/2/20,15,0,0,0,,,,,,,,,,
美国,2020/2/21,15,0,0,0,,,,,,,,,,
美国,2020/2/22,35,20,0,0,,,,,,,,,,
美国,2020/2/23,35,0,0,0,,,,,,,,,,
美国,2020/2/24,35,0,0,0,,,,,,,,,,
美国,2020/2/25,53,18,0,0,,,,,,,,,,
美国,2020/2/26,53,0,0,0,,,,,,,,,,
美国,2020/2/27,59,6,0,0,,,,,,,,,,
美国,2020/2/28,59,0,0,0,,,,,,,,,,
美国,2020/2/29,62,3,0,0,,,,,,,,,,
美国,2020/3/1,62,0,0,0,,,,,,,,,,
美国,2020/3/2,62,0,0,0,,,,,,,,,,
美国,2020/3/3,64,2,2,2,,,,,,,,,,
美国,2020/3/4,108,44,6,4,,,,,,,,,,
美国,2020/3/5,129,21,9,3,,,,,,,,,,
美国,2020/3/6,148,19,10,1,,,,,,,,,,
美国,2020/3/7,317,169,15,5,15,287,8,,,,,,,
美国,2020/3/8,434,117,19,4,15,400,8,1.3,,,,,,
美国,2020/3/9,538,104,22,3,15,501,8,1.6,,,,,,
美国,2020/3/10,624,86,26,4,15,583,8,1.9,,,,,,
美国,2020/3/11,975,351,30,4,15,930,8,2.9,,,,,,
美国,2020/3/12,1301,326,38,8,15,1248,10,3.9,,,,,,
美国,2020/3/13,1697,396,41,3,30,1626,10,5.1,,,,,,
美国,2020/3/14,2269,572,48,7,41,2180,10,6.9,,,,,,
美国,2020/3/15,2836,567,57,9,49,2730,10,8.6,,,,,,
美国,2020/3/16,3668,832,68,11,59,3541,10,11.1,,,,,,
美国,2020/3/17,4547,879,85,17,74,4388,12,13.7,,,,,,
美国,2020/3/18,6439,1892,109,24,106,6224,12,19.5,,,,,,
美国,2020/3/19,9261,2822,150,41,106,9005,64,28,,,,,,
美国,2020/3/20,13816,4555,207,57,108,13501,64,42,,,,,,
美国,2020/3/21,19083,5267,275,68,147,19352,64,60,,,,,,
美国,2020/3/22,26111,7028,324,49,176,25611,64,79,,,,,,
美国,2020/3/23,32356,6245,414,90,178,31764,795,98,,,,,,
美国,2020/3/24,43449,11093,545,131,295,42609,1040,131,,,,,,
美国,2020/3/25,53358,9909,695,150,370,52293,1175,161,2,,,,,
美国,2020/3/26,65342,11984,922,227,393,64027,1411,197,3,,,,,
美国,2020/3/27,82179,16837,1177,255,1864,79138,2112,248,4,,,,,
美国,2020/3/28,100514,18335,1546,369,2465,96503,2463,304,5,,,,,
美国,2020/3/29,120529,20015,2008,462,3229,115292,2666,364,6,,,,,
美国,2020/3/30,139986,19457,2454,446,4435,133097,2948,423,7,,,,,
美国,2020/3/31,160344,20358,2953,499,5220,152171,3402,484,9,,,,,
美国,2020/4/1,185270,24926,3780,827,6347,175143,3981,560,11,,,,,
美国,2020/4/2,211408,26138,4718,938,8805,197885,5005,639,14,,,,,
美国,2020/4/3,240529,29121,5810,1092,10365,224354,5421,727,18,,,,,
美国,2020/4/4,274178,33649,7053,1243,12044,255081,5787,828,21,,,,,
美国,2020/4/5,308124,33946,8392,1339,14686,285046,8113,931,25,1599916,4834,,,
美国,2020/4/6,334125,26001,9557,1165,17177,307391,8623,1009,29,1755099,5302,,,
美国,2020/4/7,363424,29299,10764,1207,19532,333128,8878,1098,33,1899948,5740,,,
美国,2020/4/8,394182,30758,12716,1952,21571,359895,9169,1191,38,2061504,6228,,,
美国,2020/4/9,425828,31646,14604,1888,22202,389022,9234,1286,44,2197184,6638,,,
美国,2020/4/10,463433,37605,16504,1900,25139,421790,9823,1400,50,2367513,7153,,,
美国,2020/4/11,496828,33395,18509,2005,26822,451497,10906,1501,56,2526853,7634,,,
美国,2020/4/12,529343,32515,20466,1957,29442,479435,11059,1599,62,2664437,8050,,,
美国,2020/4/13,557235,27892,21956,1490,31976,503303,11766,1683,66,2823684,8531,,,
美国,2020/4/14,583870,26635,23485,1529,35755,524630,12772,1764,71,2934571,8866,,,
美国,2020/4/15,610632,26762,25856,2371,38562,546214,13438,1845,78,3061195,9248,,,
美国,2020/4/16,641410,30778,28394,2538,48131,564885,13477,1938,86,3236901,9779,,,
美国,2020/4/17,669129,27719,32868,4474,57271,585205,13369,2045,104,3397021,10263,,,
美国,2020/4/18,699850,30721,37242,4374,59142,603466,13466,2114,113,3539889,10694,,,
美国,2020/4/19,736052,36202,38844,1602,67418,629790,13536,2224,117,3708490,11204,,,
美国,2020/4/20,762496,26444,40478,1634,69956,652062,13556,2304,122,3852758,11640,,,
美国,2020/4/21,788690,26194,42263,1785,71781,674646,13634,2383,128,3993124,12064,,,
美国,2020/4/22,815892,27202,45126,2863,82620,688146,14016,2465,136,4174472,12612,,,
美国,2020/4/23,844992,29100,47430,2304,83910,713652,14014,2553,143,4307429,13013,,,
美国,2020/4/24,876174,31182,49651,2221,85010,741513,14994,2647,150,4489618,13564,,,
美国,2020/4/25,916348,40174,51742,2091,93275,771331,14932,2768,156,4979566,15044,,,
美国,2020/4/26,955488,39140,54120,2378,116167,785201,15110,2887,164,5258504,15887,,,
美国,2020/4/27,985060,29572,55357,1237,118735,810968,15135,2976,167,5453126,16475,,,
美国,2020/4/28,1004942,19882,56527,1170,137591,810824,14175,3036,171,5661256,17103,,,
美国,2020/4/29,1029878,24936,58640,2113,140138,831100,14868,3111,177,5823807,17594,,,
美国,2020/4/30,1056646,26768,61180,2540,145320,850146,18665,3192,185,6096763,18419,,,
美国,2020/5/1,1092656,36010,63765,2585,151774,877117,15226,3301,193,6332995,19133,,,
美国,2020/5/2,1125305,32649,65540,1775,160173,899592,16478,3400,198,6638810,20057,,,
美国,2020/5/3,1156313,31008,67206,1666,170772,918335,16455,3493,203,6907929,20870,,,
美国,2020/5/4,1185167,28854,68495,1289,178219,938453,16139,3581,207,7179949,21692,,,
美国,2020/5/5,1209702,24535,69476,981,184354,955872,16043,3655,210,7419006,22414,,,
美国,2020/5/6,1234487,24785,72054,2578,199148,963285,16174,3730,218,7686462,23222,,,
美国,2020/5/7,1256638,22151,74121,2067,205261,977256,15682,3796,224,7894673,23851,,,
美国,2020/5/8,1288051,31413,76729,2608,215078,996244,17009,3891,232,8164295,24666,,,
美国,2020/5/9,1318526,30475,78494,1765,221919,1018113,16928,3983,237,8573610,25902,,,
美国,2020/5/10,1342723,24197,79926,1432,232869,1029928,16801,4057,241,8884492,26841,,,
美国,2020/5/11,1365247,22524,80715,789,240842,1043690,16493,4125,244,9376795,28328,,,
美国,2020/5/12,1381665,16418,81552,837,260188,1039925,16451,4174,246,9700658,29307,,,
美国,2020/5/13,1406306,24641,83254,1702,280438,1042614,16472,4249,252,9925238,29985,,,
美国,2020/5/14,1427185,20879,84971,1717,307755,1034459,16349,4312,257,10228597,30902,,,
美国,2020/5/15,1453381,26196,86770,1799,316244,1050367,16239,4391,262,10569822,31933,,,
美国,2020/5/16,1480703,27322,88309,1539,321348,1071046,16145,4477,267,11003912,33269,,,
美国,2020/5/17,1503684,22981,89454,1145,337563,1076667,16024,4546,270,11774477,35598,,,
美国,2020/5/18,1525579,21895,90902,1448,343204,1091473,16366,4612,275,11768015,35578,,,
美国,2020/5/19,1544685,19106,91730,828,353116,1099839,15972,4670,277,12147171,36724,,,
美国,2020/5/20,1567289,22604,93343,1613,362384,1111562,16879,4738,282,12575413,38018,,,
美国,2020/5/21,1588666,21377,94743,1400,362135,1131788,17781,4803,286,14056705,42496,,,
美国,2020/5/22,1617655,28989,96179,1436,381567,1139909,17842,4890,291,13380626,40451,,,
美国,2020/5/23,1642698,25043,97538,1359,396075,1149085,17207,4966,295,13818030,41773,,,
美国,2020/5/24,1665027,22329,98639,1101,445009,1121379,17111,5033,298,14302223,43236,,,
美国,2020/5/25,1684048,19021,99243,604,451451,1133354,17134,5091,300,14686180,44396,,,
美国,2020/5/26,1703881,19833,99754,511,461002,1143125,17103,5151,302,15161582,45832,,,
美国,2020/5/27,1722856,18975,100468,714,477189,1145199,17109,5208,304,15488613,46820,,,
美国,2020/5/28,1742286,19430,101842,1374,485929,1154515,17146,5267,308,15806189,47779,,,
美国,2020/5/29,1766201,23915,103265,1423,497958,1164978,17193,5339,312,16274635,49194,,,
美国,2020/5/30,1788719,22518,104386,1121,518114,1166219,17201,5407,316,16763492,50671,,,
美国,2020/5/31,1814602,25883,105514,1128,528345,1180743,16983,5485,319,17152320,51846,,,
美国,2020/6/1,1834494,19892,106141,627,541168,1187185,17102,5545,321,17580172,53138,,,
美国,2020/6/2,1856800,22306,106851,710,608191,1141758,16923,5612,323,18020865,54469,,,
美国,2020/6/3,1878305,21505,107970,1119,622092,1148243,16949,5677,326,18492863,55895,,,
美国,2020/6/4,1898459,20154,108993,1023,652021,1137445,16921,5738,329,19002119,57434,,,
美国,2020/6/5,1921992,23533,110093,1100,705991,1105908,16991,5809,333,19475353,58863,,,
美国,2020/6/6,1951009,29017,111265,1172,718239,1121505,17052,5897,336,20146529,60891,,,
美国,2020/6/7,1986111,35102,112046,781,746976,1127089,17012,6003,339,20700147,62563,,,
美国,2020/6/8,2005813,19702,112477,431,757107,1136229,16915,6062,340,21160868,63954,,,
美国,2020/6/9,2024283,18470,113024,547,771060,1140199,16915,6118,342,21640517,65403,,,
美国,2020/6/10,2043291,19008,114088,1064,783082,1146121,16900,6175,345,22081572,66735,,,
美国,2020/6/11,2064085,20794,115084,996,800512,1148489,16846,6238,348,22516368,68048,,,
美国,2020/6/12,2087845,23760,115988,904,813497,1158360,16791,6310,351,22988754,69474,,,
美国,2020/6/13,2114776,26931,116773,785,837451,1160552,16613,6391,353,23611237,71354,,,
美国,2020/6/14,2140799,26023,117485,712,849117,1174197,258485,6469,355,24250759,73286,,,
美国,2020/6/15,2160857,20058,117841,356,860122,1182894,16687,6530,356,24749036,74790,,,
美国,2020/6/16,2182950,22093,118283,442,889866,1174801,16716,6597,357,25259077,76329,,,
美国,2020/6/17,2203095,20145,119017,734,898250,1185828,16453,6657,360,25645541,77497,,,
美国,2020/6/18,2231598,28503,119892,875,911110,1200596,16672,6743,362,26152110,79027,,,
美国,2020/6/19,2257604,26006,120531,639,924930,1212143,16640,6822,364,26661849,80566,,,
美国,2020/6/20,2293300,35696,121364,833,953453,1218483,16508,6930,367,27255444,82358,,,
美国,2020/6/21,2326225,32925,121897,533,966048,1238280,16540,7029,368,27873263,84223,,,
美国,2020/6/22,2352882,26657,122237,340,977683,1252962,16502,7109,369,28405693,85831,,,
西班牙,2020/2/1,1,,0,0,,,,,,,,,,
西班牙,2020/2/2,1,0,0,0,,,,,,,,,,
西班牙,2020/2/3,1,0,0,0,,,,,,,,,,
西班牙,2020/2/4,1,0,0,0,,,,,,,,,,
西班牙,2020/2/5,1,0,0,0,,,,,,,,,,
西班牙,2020/2/6,1,0,0,0,,,,,,,,,,
西班牙,2020/2/7,1,0,0,0,,,,,,,,,,
西班牙,2020/2/8,1,0,0,0,,,,,,,,,,
西班牙,2020/2/9,1,0,0,0,,,,,,,,,,
西班牙,2020/2/10,2,1,0,0,,,,,,,,,,
西班牙,2020/2/11,2,0,0,0,,,,,,,,,,
西班牙,2020/2/12,2,0,0,0,,,,,,,,,,
西班牙,2020/2/13,2,0,0,0,,,,,,,,,,
西班牙,2020/2/14,2,0,0,0,,,,,,,,,,
西班牙,2020/2/15,2,0,0,0,,,,,,,,,,
西班牙,2020/2/16,2,0,0,0,,,,,,,,,,
西班牙,2020/2/17,2,0,0,0,,,,,,,,,,
西班牙,2020/2/18,2,0,0,0,,,,,,,,,,
西班牙,2020/2/19,2,0,0,0,,,,,,,,,,
西班牙,2020/2/20,2,0,0,0,,,,,,,,,,
西班牙,2020/2/21,2,0,0,0,,,,,,,,,,
西班牙,2020/2/22,2,0,0,0,,,,,,,,,,
西班牙,2020/2/23,2,0,0,0,,,,,,,,,,
西班牙,2020/2/24,2,0,0,0,,,,,,,,,,
西班牙,2020/2/25,2,0,0,0,,,,,,,,,,
西班牙,2020/2/26,2,0,0,0,,,,,,,,,,
西班牙,2020/2/27,12,10,0,0,,,,,,,,,,
西班牙,2020/2/28,25,13,0,0,,,,,,,,,,
西班牙,2020/2/29,32,7,0,0,,,,,,,,,,
西班牙,2020/3/1,45,13,0,0,,,,,,,,,,
西班牙,2020/3/2,45,0,0,0,,,,,,,,,,
西班牙,2020/3/3,114,69,0,0,,,,,,,,,,
西班牙,2020/3/4,151,37,0,0,,,,,,,,,,
西班牙,2020/3/5,198,47,1,1,,,,,,,,,,
西班牙,2020/3/6,257,59,3,2,,,,,,,,,,
西班牙,2020/3/7,401,144,8,5,6,387,9,,,,,,,
西班牙,2020/3/8,503,102,10,2,30,463,9,10.8,,,,,,
西班牙,2020/3/9,674,171,17,7,32,625,11,14.4,,,,,,
西班牙,2020/3/10,1231,557,30,13,32,1169,11,26.3,,,,,,
西班牙,2020/3/11,1695,464,36,6,135,1524,101,36.3,,,,,,
西班牙,2020/3/12,2277,582,55,19,183,2039,126,48.7,,,,,,
西班牙,2020/3/13,3146,869,86,31,189,2871,190,67.3,,,,,,
西班牙,2020/3/14,5232,2086,133,47,193,4906,190,111.9,,,,,,
西班牙,2020/3/15,6391,1159,195,62,517,5679,293,136.7,,,,,,
西班牙,2020/3/16,7845,1454,292,97,517,7036,272,167.8,,,,,,
西班牙,2020/3/17,9682,1837,342,50,530,8810,272,207.1,,,,,,
西班牙,2020/3/18,11826,2144,533,191,1028,10265,563,252.9,,,,,,
西班牙,2020/3/19,14769,2943,638,105,1081,13050,800,316,,,,,,
西班牙,2020/3/20,18077,3308,831,193,1107,16139,939,387,,,,,,
西班牙,2020/3/21,21510,3433,1326,495,2125,21475,939,533,,,,,,
西班牙,2020/3/22,25496,3986,1378,52,2125,21993,1612,545,,,,,,
西班牙,2020/3/23,28603,3107,1756,378,2125,24722,1785,612,,,,,,
西班牙,2020/3/24,35136,6533,2311,555,3355,29470,2355,751,,,,,,
西班牙,2020/3/25,42058,6922,2991,680,3794,35273,2636,900,64,,,,,
西班牙,2020/3/26,49515,7457,3647,656,5367,40501,3166,1059,78,,,,,
西班牙,2020/3/27,56347,6832,4154,507,7015,45178,3166,1205,89,,,,,
西班牙,2020/3/28,64285,7938,4940,786,9357,49988,4165,1375,106,,,,,
西班牙,2020/3/29,72469,8184,5826,886,12285,54358,4165,1550,125,,,,,
西班牙,2020/3/30,80031,7562,6802,976,14709,58520,4165,1712,145,,,,,
西班牙,2020/3/31,87956,7925,7716,914,16780,63460,5231,1881,165,,,,,
西班牙,2020/4/1,95923,7967,8464,748,19259,68200,5607,2052,181,,,,,
西班牙,2020/4/2,104118,8195,9387,923,22647,72084,5872,2227,201,,,,,
西班牙,2020/4/3,112065,7947,10348,961,26743,74974,6092,2397,221,,,,,
西班牙,2020/4/4,119199,7134,11198,850,30513,77488,6416,2549,240,,,,,
西班牙,2020/4/5,126168,6969,11947,749,34219,80002,6416,2699,256,355000,7593,,,
西班牙,2020/4/6,131646,5478,12641,694,38080,80925,6861,2816,270,355000,7593,,,
西班牙,2020/4/7,136675,5029,13341,700,40437,82897,6931,2923,285,355000,7593,,,
西班牙,2020/4/8,141942,5267,14045,704,43208,84689,7069,3036,300,355000,7593,,,
西班牙,2020/4/9,148220,6278,14792,747,48021,85407,7069,3170,316,355000,7593,,,
西班牙,2020/4/10,153222,5002,15447,655,52165,85610,7371,3277,330,355000,7593,,,
西班牙,2020/4/11,158273,5051,16081,634,55668,86524,7371,3385,344,355000,7593,,,
西班牙,2020/4/12,163027,4754,16606,525,59109,87312,7371,3487,355,355000,7593,,,
西班牙,2020/4/13,166127,3100,17113,507,62391,86623,7371,3553,366,355000,7593,,,
西班牙,2020/4/14,169628,3501,17628,515,64727,87273,7371,3628,377,600000,12833,,,
西班牙,2020/4/15,172541,2913,18056,428,67504,86981,7371,3690,386,600000,12833,,,
西班牙,2020/4/16,177644,5103,18708,652,70853,88083,7371,3799,400,650755,13918,,,
西班牙,2020/4/17,184948,7304,19315,607,74797,90836,7371,3956,413,930230,19896,,,
西班牙,2020/4/18,188093,3145,19613,298,74797,93683,7371,4023,419,930230,19896,,,
西班牙,2020/4/19,191726,3633,20043,430,74797,96886,7371,4101,429,930230,19896,,,
西班牙,2020/4/20,198674,6948,20453,410,77357,100079,7371,4249,454,930230,19896,,,
西班牙,2020/4/21,200210,1536,20852,399,80587,98771,7371,4282,446,930230,19896,,,
西班牙,2020/4/22,204178,3968,21282,430,82514,100382,7705,4367,455,930230,19896,,,
西班牙,2020/4/23,208389,4211,21717,435,85915,100757,7705,4457,464,930230,19896,,,
西班牙,2020/4/24,213024,4635,22157,440,89250,101617,7705,4556,474,930230,19896,,,
西班牙,2020/4/25,219764,6740,22524,367,92355,104885,7705,4700,482,930230,19896,,,
西班牙,2020/4/26,219764,0,22524,0,95708,105149,7705,4786,490,930230,19896,,,
西班牙,2020/4/27,207634,-12130,23190,666,117727,85712,7764,4847,496,1199548,25656,,,
西班牙,2020/4/28,209465,1831,23521,331,120832,85069,7764,4907,503,1345560,28779,,,
西班牙,2020/4/29,210773,1308,23822,301,123903,84403,7764,4965,510,1345560,28779,,,
西班牙,2020/4/30,212917,2144,24275,453,132929,79695,7764,5067,519,1414477,30253,,,
西班牙,2020/5/1,213435,518,24543,268,137984,77112,2676,5125,525,1455306,31126,,,
西班牙,2020/5/2,215216,1781,24824,281,142450,75714,2500,5197,531,1528833,32699,,,
西班牙,2020/5/3,216582,1366,25100,276,146233,74234,2386,5252,537,1528833,32699,,,
西班牙,2020/5/4,217466,884,25264,164,148558,73300,2386,5285,540,1932455,41332,,,
西班牙,2020/5/5,218011,545,25428,164,151633,71240,2254,5311,544,1932455,41332,,,
西班牙,2020/5/6,219329,1318,25613,185,154718,70230,2254,5359,548,1932455,41332,,,
西班牙,2020/5/7,220325,996,25857,244,159359,68466,2075,5426,553,1932455,41332,,,
西班牙,2020/5/8,221447,1122,26070,213,163919,66866,2075,5494,558,1932455,41332,,,
西班牙,2020/5/9,222857,1410,26299,229,168408,65410,2075,5563,562,1932455,41332,,,
西班牙,2020/5/10,223578,721,26478,179,173157,63148,1741,5620,566,2467761,52781,,,
西班牙,2020/5/11,224390,812,26621,143,176439,61603,1650,5661,569,2467761,52781,,,
西班牙,2020/5/12,227436,3046,26744,123,177846,63553,1650,5735,572,2467761,52781,,,
西班牙,2020/5/13,228030,594,26834,90,180470,62130,1534,5765,576,2467761,52781,,,
西班牙,2020/5/14,228691,661,26834,0,183227,60764,1534,5798,580,2467761,52781,,,
西班牙,2020/5/15,229540,849,26834,0,186480,58845,1376,5831,584,2467761,52781,,,
西班牙,2020/5/16,230183,643,26834,0,188967,57941,1320,5868,587,2467761,52784,,,
西班牙,2020/5/17,230698,515,26834,0,192253,56689,1208,5914,590,3037840,64977,,,
西班牙,2020/5/18,231360,662,26834,0,195945,54124,1152,5940,591,3037840,64977,,,
西班牙,2020/5/19,231606,246,26834,0,196958,53521,1152,5950,593,3037840,64977,,,
西班牙,2020/5/20,232037,431,26834,0,196958,54067,1152,5963,594,3037840,64977,,,
西班牙,2020/5/21,232555,518,26834,0,196958,54678,1152,5979,596,3037840,64977,,,
西班牙,2020/5/22,233037,482,26834,0,196958,55219,1152,5991,598,3037840,64977,,,
西班牙,2020/5/23,234824,1787,26834,0,196958,56318,1152,6030,612,3037840,64977,,,
西班牙,2020/5/24,235290,466,26834,0,196958,56734,1152,6040,613,3037840,64977,,,
西班牙,2020/5/25,235400,110,26834,0,196958,57142,854,6050,615,3556567,76071,,,
西班牙,2020/5/26,235400,0,26834,0,196958,58685,854,6042,574,3556567,76071,,,
西班牙,2020/5/27,236259,859,27117,280,196958,59264,854,6060,580,3556567,76071,,,
西班牙,2020/5/28,236769,510,27118,1,196958,59773,854,6071,580,3556567,76071,,,
西班牙,2020/5/29,237906,1137,27119,1,196958,60909,854,6096,580,3556567,76071,,,
西班牙,2020/5/30,238564,658,27121,2,196958,61565,617,6110,580,3556567,76071,,,
西班牙,2020/5/31,239228,664,27125,4,196958,62225,617,6124,580,3556567,76071,,,
西班牙,2020/6/1,239429,201,27127,2,196958,62424,617,6128,580,4063843,86921,,,
西班牙,2020/6/2,239638,209,27127,0,196958,62633,617,6133,580,4063843,86921,,,
西班牙,2020/6/3,239932,294,27127,0,0,0,617,6139,580,4063843,86921,,,
西班牙,2020/6/4,240326,394,27128,1,0,0,617,6147,580,4063843,86921,,,
西班牙,2020/6/5,240666,340,27133,5,0,0,617,6154,580,4063843,86921,,,
西班牙,2020/6/6,240978,312,27134,1,0,0,617,6161,580,4063843,86921,,,
西班牙,2020/6/7,241310,332,27135,1,0,0,617,6168,580,4063843,86920,,,
西班牙,2020/6/8,241550,240,27136,1,0,0,617,6173,580,4063843,86920,,,
西班牙,2020/6/9,241717,167,27136,0,N/A,N/A,617,6177,580,4465338,95508,,,
西班牙,2020/6/10,241966,249,27136,0,N/A,N/A,617,6182,580,4465338,95508,,,
西班牙,2020/6/11,242282,316,27136,0,N/A,N/A,617,6189,580,4465338,95508,,,
西班牙,2020/6/12,242707,425,27136,0,N/A,N/A,617,6198,580,4465338,95507,,,
西班牙,2020/6/13,243209,502,27136,0,N/A,N/A,617,6209,580,4465338,95507,,,
西班牙,2020/6/14,243605,396,27136,0,N/A,N/A,617,6217,580,4465338,95507,,,
西班牙,2020/6/15,243928,323,27136,0,N/A,N/A,617,6224,580,4465338,95507,,,
西班牙,2020/6/16,244109,181,27136,0,N/A,N/A,617,6228,580,4826516,103232,,,
西班牙,2020/6/17,244328,219,27136,0,N/A,N/A,617,6233,580,4826516,103232,,,
西班牙,2020/6/18,244683,355,27136,0,N/A,N/A,617,6240,580,4826516,103232,,,
西班牙,2020/6/19,245268,585,27136,0,N/A,N/A,617,6253,580,4826516,103232,,,
西班牙,2020/6/20,245575,307,28315,1179,N/A,N/A,617,6259,606,4826516,103232,,,
西班牙,2020/6/21,245938,363,28322,7,N/A,N/A,617,6267,606,4826516,103232,,,
西班牙,2020/6/22,246272,334,28323,1,N/A,N/A,617,6274,606,5162909,110426,,,
意大利,2020/2/1,2,,0,0,,,,,,,,,,
意大利,2020/2/2,2,0,0,0,,,,,,,,,,
意大利,2020/2/3,2,0,0,0,,,,,,,,,,
意大利,2020/2/4,2,0,0,0,,,,,,,,,,
意大利,2020/2/5,2,0,0,0,,,,,,,,,,
意大利,2020/2/6,2,0,0,0,,,,,,,,,,
意大利,2020/2/7,3,1,0,0,,,,,,,,,,
意大利,2020/2/8,3,0,0,0,,,,,,,,,,
意大利,2020/2/9,3,0,0,0,,,,,,,,,,
意大利,2020/2/10,3,0,0,0,,,,,,,,,,
意大利,2020/2/11,3,0,0,0,,,,,,,,,,
意大利,2020/2/12,3,0,0,0,,,,,,,,,,
意大利,2020/2/13,3,0,0,0,,,,,,,,,,
意大利,2020/2/14,3,0,0,0,,,,,,,,,,
意大利,2020/2/15,3,0,0,0,,,,,,,,,,
意大利,2020/2/16,3,0,0,0,,,,,,,,,,
意大利,2020/2/17,3,0,0,0,,,,,,,,,,
意大利,2020/2/18,3,0,0,0,,,,,,,,,,
意大利,2020/2/19,3,0,0,0,,,,,,,,,,
意大利,2020/2/20,3,0,0,0,,,,,,,,,,
意大利,2020/2/21,3,0,0,0,,,,,,,,,,
意大利,2020/2/22,9,6,0,0,,,,,,,,,,
意大利,2020/2/23,76,67,2,2,,,,,,,,,,
意大利,2020/2/24,124,48,2,0,,,,,,,,,,
意大利,2020/2/25,229,105,6,4,,,,,,,,,,
意大利,2020/2/26,322,93,11,5,,,,,,,,,,
意大利,2020/2/27,400,78,12,1,,,,,,,,,,
意大利,2020/2/28,650,250,17,5,,,,,,,,,,
意大利,2020/2/29,888,238,21,4,,,,,,,,,,
意大利,2020/3/1,1128,240,29,8,,,,,,,,,,
意大利,2020/3/2,1689,561,35,6,,,,,,,,,,
意大利,2020/3/3,2036,347,52,17,,,,,,,,,,
意大利,2020/3/4,2502,466,80,28,,,,,,,,,,
意大利,2020/3/5,3089,587,107,27,,,,,,,,,,
意大利,2020/3/6,3858,769,148,41,,,,,,,,,,
意大利,2020/3/7,4636,778,197,49,523,3916,462,,,,,,,
意大利,2020/3/8,5883,1247,233,36,589,5061,567,97.3,,,,,,
意大利,2020/3/9,7375,1492,366,133,622,6387,650,122,,,,,,
意大利,2020/3/10,9172,1797,463,97,724,7985,733,151.7,,,,,,
意大利,2020/3/11,10149,977,631,168,1004,8514,877,167.9,,,,,,
意大利,2020/3/12,12462,2313,827,196,1045,10590,1028,206.1,,,,,,
意大利,2020/3/13,15113,2651,1016,189,1258,12839,1153,250,,,,,,
意大利,2020/3/14,17660,2547,1266,250,1439,14955,1328,292.1,,,,,,
意大利,2020/3/15,21157,3497,1441,175,1966,17750,1518,349.9,,,,,,
意大利,2020/3/16,24747,3590,1809,368,2335,20603,1672,409.3,,,,,,
意大利,2020/3/17,27980,3233,2158,349,2749,23073,1851,462.8,,,,,,
意大利,2020/3/18,31506,3526,2503,345,2941,26062,2060,521.1,,,,,,
意大利,2020/3/19,35713,4207,2978,475,4025,28710,2257,591,,,,,,
意大利,2020/3/20,41035,5322,3405,427,4440,33190,2498,679,,,,,,
意大利,2020/3/21,47021,5986,4032,627,5129,37860,2655,778,,,,,,
意大利,2020/3/22,53578,6557,4825,793,6072,42681,2857,886,,,,,,
意大利,2020/3/23,59138,5560,5476,651,7024,46638,3000,978,,,,,,
意大利,2020/3/24,63927,4789,6077,601,7432,50418,3204,1057,,,,,,
意大利,2020/3/25,69176,5249,6820,743,8326,54030,3393,1144,113,,,,,
意大利,2020/3/26,74386,5210,7503,683,9362,57521,3489,1230,124,,,,,
意大利,2020/3/27,80589,6203,8215,712,10361,62013,3612,1333,136,,,,,
意大利,2020/3/28,86498,5909,9134,919,10950,66414,3732,1431,151,,,,,
意大利,2020/3/29,92472,5974,10023,889,12384,70065,3856,1529,166,,,,,
意大利,2020/3/30,97689,5217,10779,756,13030,73880,3906,1616,178,,,,,
意大利,2020/3/31,101739,4050,11591,812,14620,75528,3981,1683,192,,,,,
意大利,2020/4/1,105792,4053,12428,837,15729,77635,4023,1750,206,,,,,
意大利,2020/4/2,110574,4782,13155,727,16847,80572,4035,1829,218,,,,,
意大利,2020/4/3,115242,4668,13915,760,18278,83049,4053,1906,230,,,,,
意大利,2020/4/4,119827,4585,14681,766,19758,85388,4068,1982,243,,,,,
意大利,2020/4/5,124632,4805,15362,681,20996,88274,3994,2061,254,657224,10870,,,
意大利,2020/4/6,128948,4316,15887,525,21815,91246,3977,2133,263,691461,11436,,,
意大利,2020/4/7,132547,3599,16523,636,22837,93187,3898,2192,273,721732,11937,,,
意大利,2020/4/8,135586,3039,17127,604,24392,94067,3792,2243,283,755445,12495,,,
意大利,2020/4/9,139422,3836,17669,542,26491,95262,3693,2306,292,807125,13349,,,
意大利,2020/4/10,143626,4204,18279,610,28470,96877,3605,2375,302,853369,14114,,,
意大利,2020/4/11,147577,3951,18849,570,30455,98273,3497,2441,312,906864,14999,,,
意大利,2020/4/12,152271,4694,19468,619,32534,100269,3381,2518,322,963473,15935,,,
意大利,2020/4/13,156363,4092,19899,431,34211,102253,3343,2586,329,1010193,16708,,,
意大利,2020/4/14,159516,3153,20465,566,35435,103616,3260,2638,338,1046910,17315,,,
意大利,2020/4/15,162488,2972,21067,602,37130,104291,3186,2687,348,1073689,17758,,,
意大利,2020/4/16,165155,2667,21645,578,38092,105418,3079,2732,358,1117404,18481,,,
意大利,2020/4/17,168941,3786,22170,525,40164,106607,2936,2794,367,1178403,19490,,,
意大利,2020/4/18,172434,3493,22745,575,42727,106962,2812,2852,376,1244108,20577,,,
意大利,2020/4/19,175925,3491,23227,482,44927,107771,2733,2910,384,1305833,21598,,,
意大利,2020/4/20,178972,3047,23660,433,47055,108257,2635,2960,391,1356541,22436,,,
意大利,2020/4/21,181228,2256,24114,454,48877,108237,2573,2997,399,1398024,23122,,,
意大利,2020/4/22,183957,2729,24648,534,51600,107709,2471,3043,408,1450150,23985,,,
意大利,2020/4/23,187327,3370,25085,437,54543,107699,2384,3098,415,1513251,25028,,,
意大利,2020/4/24,189973,2646,25549,464,57576,106848,2267,3142,423,1579909,26131,,,
意大利,2020/4/25,192994,3021,25969,420,60498,106527,2173,3192,430,1642356,27164,,,
意大利,2020/4/26,195351,2357,26384,415,63120,105847,2102,3231,436,1707743,28245,,,
意大利,2020/4/27,197675,2324,26644,260,64928,106103,2009,3269,441,1757659,29071,,,
意大利,2020/4/28,199414,1739,26977,333,66624,105813,1956,3298,446,1789662,29600,,,
意大利,2020/4/29,201505,2091,27359,382,68941,105205,1863,3333,453,1846934,30547,,,
意大利,2020/4/30,203591,2086,27682,323,71252,104657,1795,3367,458,1910761,31603,,,
意大利,2020/5/1,205463,1872,27967,285,75945,101551,1694,3398,463,1979217,32735,,,
意大利,2020/5/2,207428,1965,28236,269,78249,100943,1578,3431,467,2053425,33962,,,
意大利,2020/5/3,209328,1900,28710,474,79914,100704,1539,3462,475,2108837,34879,,,
意大利,2020/5/4,210717,1389,28884,174,81654,100179,1501,3485,478,2153772,35622,,,
意大利,2020/5/5,211938,1221,29079,195,82879,99980,1479,3505,481,2191403,36244,,,
意大利,2020/5/6,213013,1075,29315,236,85231,98467,1427,3523,485,2246666,37158,,,
意大利,2020/5/7,214457,1444,29684,369,93245,91528,1333,3547,491,2310929,38221,,,
意大利,2020/5/8,215858,1401,29958,274,96276,89624,1311,3570,495,2381288,39385,,,
意大利,2020/5/9,217185,1327,30201,243,99023,87961,1168,3592,500,2445063,40440,,,
意大利,2020/5/10,218268,1083,30395,194,103031,84842,1034,3610,503,2514234,41584,,,
意大利,2020/5/11,219070,802,30560,165,105186,83324,1027,3623,505,2565912,42439,,,
意大利,2020/5/12,219814,744,30739,179,106587,82488,999,3636,508,2606652,43112,,,
意大利,2020/5/13,221216,1402,30911,172,109039,81266,952,3659,511,2673655,44221,,,
意大利,2020/5/14,222104,888,31106,195,112541,78457,893,3673,514,2735628,45246,,,
意大利,2020/5/15,223096,992,31368,262,115288,76440,855,3690,519,2807504,46434,,,
意大利,2020/5/16,223885,789,31610,242,120205,72070,808,3702,523,2875680,47553,,,
意大利,2020/5/17,224760,875,31763,153,122810,70187,775,3717,525,2944859,48697,,,
意大利,2020/5/18,225435,675,31908,145,125176,68351,762,3728,528,3004960,49691,,,
意大利,2020/5/19,225886,451,32007,99,127326,66553,749,3735,529,3041366,50294,,,
意大利,2020/5/20,226699,813,32169,162,129401,65129,716,3749,532,3104524,51338,,,
意大利,2020/5/21,227364,665,32330,161,132282,62752,676,3760,535,3171719,52450,,,
意大利,2020/5/22,228006,642,32486,156,134560,60960,640,3770,537,3243398,53635,,,
意大利,2020/5/23,228658,652,32616,130,136720,59322,595,3781,539,3318778,54882,,,
意大利,2020/5/24,229327,669,32735,119,138840,57752,572,3792,541,3391188,56080,,,
意大利,2020/5/25,229858,531,32785,50,140479,56594,553,3801,542,3447012,57003,,,
意大利,2020/5/26,230158,300,32877,92,141981,55300,541,3806,544,3482253,57586,,,
意大利,2020/5/27,230555,397,32955,78,144658,52942,521,3813,545,3539927,58540,,,
意大利,2020/5/28,231139,584,33072,117,147101,50966,505,3822,547,3607251,59654,,,
意大利,2020/5/29,231732,593,33142,70,150604,47986,489,3832,548,3683144,60909,,,
意大利,2020/5/30,232248,516,33229,87,152844,46175,475,3841,550,3755279,62102,,,
意大利,2020/5/31,232664,416,33340,111,155633,43691,450,3848,551,3824621,63249,,,
意大利,2020/6/1,232997,333,33415,75,157507,42075,435,3853,553,3878739,64144,,,
意大利,2020/6/2,233197,200,33475,60,158355,41367,424,3856,554,3910133,64664,,,
意大利,2020/6/3,233515,318,33530,55,160092,39893,408,3862,555,3962292,65527,,,
意大利,2020/6/4,233836,321,33601,71,160938,39297,353,3867,556,3999591,66144,,,
意大利,2020/6/5,234013,177,33689,88,161895,38429,338,3870,557,4049544,66970,,,
意大利,2020/6/6,234531,518,33774,85,163781,36976,316,3879,559,4114572,68046,,,
意大利,2020/6/7,234801,270,33846,72,165078,35877,293,3883,560,4187057,69245,,,
意大利,2020/6/8,234998,197,33899,53,165837,35262,287,3886,561,4236535,70063,,,
意大利,2020/6/9,235278,280,33964,65,166584,34730,283,3891,562,4236535,70063,,,
意大利,2020/6/10,235561,283,34043,79,168646,32872,263,3896,563,4318650,71422,,,
意大利,2020/6/11,235763,202,34114,71,169939,31710,249,3899,564,4381349,72459,,,
意大利,2020/6/12,236142,379,34167,53,171338,30637,236,3905,565,4443821,73492,,,
意大利,2020/6/13,236305,163,34223,56,173085,28997,227,3908,566,4514441,74661,,,
意大利,2020/6/14,236651,346,34301,78,174865,27485,220,3914,567,4564191,75484,,,
意大利,2020/6/15,236989,338,34345,44,176370,26274,209,3919,568,4620718,76419,,,
意大利,2020/6/16,237290,301,34371,26,177010,25909,207,3924,568,4648825,76884,,,
意大利,2020/6/17,237500,210,34405,34,178526,24569,177,3928,569,4695707,77660,,,
意大利,2020/6/18,237828,328,34448,43,179455,23925,163,3933,570,4773408,78945,,,
意大利,2020/6/19,238011,183,34514,66,180544,23101,168,3939,571,4831562,79907,,,
意大利,2020/6/20,238011,0,34561,47,181907,21543,161,3936,572,4889103,80859,,,
意大利,2020/6/21,238275,264,34610,49,182453,21212,152,3941,572,4943825,81765,,,
意大利,2020/6/22,238499,224,34634,24,182893,20972,148,3944,573,4984370,82435,,,
法国,2020/2/1,6,0,0,0,,,,,,,,,,
法国,2020/2/2,6,0,0,0,,,,,,,,,,
法国,2020/2/3,6,0,0,0,,,,,,,,,,
法国,2020/2/4,6,0,0,0,,,,,,,,,,
法国,2020/2/5,6,0,0,0,,,,,,,,,,
法国,2020/2/6,6,0,0,0,,,,,,,,,,
法国,2020/2/7,6,0,0,0,,,,,,,,,,
法国,2020/2/8,11,5,0,0,,,,,,,,,,
法国,2020/2/9,11,0,0,0,,,,,,,,,,
法国,2020/2/10,11,0,0,0,,,,,,,,,,
法国,2020/2/11,11,0,0,0,,,,,,,,,,
法国,2020/2/12,11,0,0,0,,,,,,,,,,
法国,2020/2/13,11,0,0,0,,,,,,,,,,
法国,2020/2/14,11,0,0,0,,,,,,,,,,
法国,2020/2/15,11,0,1,1,,,,,,,,,,
法国,2020/2/16,11,0,1,0,,,,,,,,,,
法国,2020/2/17,12,1,1,0,,,,,,,,,,
法国,2020/2/18,12,0,1,0,,,,,,,,,,
法国,2020/2/19,12,0,1,0,,,,,,,,,,
法国,2020/2/20,12,0,1,0,,,,,,,,,,
法国,2020/2/21,12,0,1,0,,,,,,,,,,
法国,2020/2/22,12,0,1,0,,,,,,,,,,
法国,2020/2/23,12,0,1,0,,,,,,,,,,
法国,2020/2/24,12,0,1,0,,,,,,,,,,
法国,2020/2/25,12,0,1,0,,,,,,,,,,
法国,2020/2/26,14,2,1,0,,,,,,,,,,
法国,2020/2/27,17,3,2,1,,,,,,,,,,
法国,2020/2/28,38,21,2,0,,,,,,,,,,
法国,2020/2/29,57,19,2,0,,,,,,,,,,
法国,2020/3/1,100,43,2,0,,,,,,,,,,
法国,2020/3/2,130,30,2,0,,,,,,,,,,
法国,2020/3/3,178,48,3,1,,,,,,,,,,
法国,2020/3/4,212,34,4,1,,,,,,,,,,
法国,2020/3/5,285,73,4,0,,,,,,,,,,
法国,2020/3/6,423,138,7,3,,,,,,,,,,
法国,2020/3/7,613,190,9,2,12,592,23,,,,,,,
法国,2020/3/8,716,103,10,1,12,694,45,10.96922762,,,,,,
法国,2020/3/9,1126,410,19,9,12,1095,45,17.25048925,,,,,,
法国,2020/3/10,1412,286,30,11,12,1370,66,21.63205224,,,,,,
法国,2020/3/11,1784,372,33,3,12,1739,86,27.33114816,,,,,,
法国,2020/3/12,2281,497,48,15,12,2221,105,34.94526286,,,,,,
法国,2020/3/13,2876,595,61,13,12,2803,129,44.0607523,,,,,,
法国,2020/3/14,3661,785,79,18,12,3570,154,56.0870703,,,,,,
法国,2020/3/15,4499,838,91,12,12,4396,154,68.92535626,,,,,,
法国,2020/3/16,5423,924,127,36,12,5284,400,83.08117515,,,,,,
法国,2020/3/17,6633,1210,148,21,12,6473,400,101.618557,,,,,,
法国,2020/3/18,7730,1097,175,27,602,6953,699,118.4247619,,,,,,
法国,2020/3/19,9134,1404,244,69,602,8288,931,139.934253,,,,,,
法国,2020/3/20,10995,1861,372,128,1295,9328,1122,168.4450527,,,,,,
法国,2020/3/21,12612,1617,450,78,1587,10575,1297,193.2177358,,,,,,
法国,2020/3/22,14459,1847,562,112,1587,12310,1525,221.5140534,,,,,,
法国,2020/3/23,16018,1559,674,112,2200,13144,1746,245.3981677,,,,,,
法国,2020/3/24,19856,3838,860,186,2200,16796,2082,304.1969046,,,,,,
法国,2020/3/25,22302,2446,1100,240,3281,17921,2516,341.6699923,16.85216534,,,,,
法国,2020/3/26,25233,2931,1331,231,3900,20002,2827,386.5733529,20.39112007,,,,,
法国,2020/3/27,29155,3922,1696,365,4948,22511,3375,446.6589824,25.98297493,,,,,
法国,2020/3/28,32964,3809,1995,299,5700,25269,3787,505.0134349,30.56369988,,,,,
法国,2020/3/29,37575,4611,2314,319,5700,29561,4273,575.654648,35.45082783,,,,,
法国,2020/3/30,40174,2599,2606,292,7202,30366,4632,615.4717187,39.92431172,,,,,
法国,2020/3/31,44550,4376,3024,418,7927,33599,5056,682.5126965,46.32813455,,,,,
法国,2020/4/1,52128,7578,3523,499,9444,39161,5565,798.6087955,53.97288955,,,,,
法国,2020/4/2,56989,4861,4032,509,10934,42023,6017,873.0800462,61.77084606,,,,,
法国,2020/4/3,59105,2116,4503,471,12428,42174,6399,905.4974843,68.98663686,,,,,
法国,2020/4/4,64338,5233,6507,2004,14008,43823,6662,985.6678309,99.68821809,,,,,
法国,2020/4/5,68605,4267,7560,1053,15438,45607,6838,1051.038912,115.8203364,224254,3436,,,
法国,2020/4/6,70478,1873,8078,518,16183,46217,6838,1079.733554,123.7561742,224254,3436,,,
法国,2020/4/7,74390,3912,8911,833,17250,48229,7072,1139.665982,136.5178594,224254,3436,,,
法国,2020/4/8,78167,3777,10328,1417,19337,48502,7131,1197.53019,158.2265124,224254,3436,,,
法国,2020/4/9,82048,3881,10869,541,21254,49925,7148,1256.987693,166.5147138,224254,3436,,,
法国,2020/4/10,86334,4286,12210,1341,23206,50918,7066,1322.649857,187.0590353,333807,5114,,,
法国,2020/4/11,90676,4342,13197,987,24932,52547,7004,1389.16995,202.1800237,333807,5114,,,
法国,2020/4/12,93790,3114,13832,635,26391,53567,6883,1436.876898,211.9083191,333807,5114,,,
法国,2020/4/13,95403,1613,14393,561,27186,53824,6845,1461.5883,220.5029235,333807,5114,,,
法国,2020/4/14,98076,2673,14967,574,27718,55391,6821,1502.539062,229.2966897,333807,5114,,,
法国,2020/4/15,103573,5497,15729,762,28805,59039,6730,1586.753928,240.9706443,333807,5114,,,
法国,2020/4/16,106206,2633,17167,1438,30955,58084,6457,1627.091884,263.0010204,333807,5114,,,
法国,2020/4/17,108847,2641,17920,753,32812,58115,6248,1667.552401,274.5370936,333807,5114,,,
法国,2020/4/18,109252,405,18681,761,34420,56151,6027,1673.757062,286.195728,463662,7103,,,
法国,2020/4/19,111821,2569,19323,642,35983,56515,5833,1713.114528,296.0312645,463662,7103,,,
法国,2020/4/20,112606,785,19718,395,36578,56310,5744,1725.140846,302.0827239,463662,7103,,,
法国,2020/4/21,114657,2051,20265,547,37409,56983,5683,1756.562474,310.4628461,463662,7103,,,
法国,2020/4/22,117324,2667,20796,531,39181,57347,5433,1797.421315,318.5978459,463662,7103,,,
法国,2020/4/23,119151,1827,21340,544,40657,57154,5434,1825.41123,326.9320077,463662,7103,,,
法国,2020/4/24,120804,1653,21856,516,42088,56860,5053,1850.735438,334.8372052,463662,7103,,,
法国,2020/4/25,122577,1773,22245,389,43493,56839,4870,1877.898065,340.7967437,463662,7103,,,
法国,2020/4/26,124114,1537,22614,369,44594,56906,4725,1901.445136,346.4498792,463662,7103,,,
法国,2020/4/27,124575,461,22856,242,44903,56816,4682,1908.507725,350.1573556,463662,7103,,,
法国,2020/4/28,128339,3764,23293,437,45513,59533,4608,1966.172771,356.8522612,463662,7103,,,
法国,2020/4/29,129859,1520,23660,367,46886,59313,4387,1989.4594,362.4747564,463662,7103,,,
法国,2020/4/30,128442,-1417,24087,427,48228,56127,4207,1967.750747,369.0164606,463662,7103,,,
法国,2020/5/1,129581,1139,24376,289,49476,55729,4019,1985.200398,373.443984,724574,11101,,,
法国,2020/5/2,130185,604,24594,218,50212,55379,3878,1994.453769,376.7837768,1100228,16856,,,
法国,2020/5/3,130979,794,24760,166,50562,55657,3827,2006.617968,379.3269218,1100228,16856,,,
法国,2020/5/4,131287,308,24895,135,50784,55608,3819,2011.336574,381.3951421,1100228,16856,,,
法国,2020/5/5,131863,576,25201,306,51371,55291,3696,2020.160981,386.083108,1100228,16856,,,
法国,2020/5/6,132967,1104,25531,330,52736,54700,3430,2037.074427,391.1387577,1100228,16856,,,
法国,2020/5/7,137150,4183,25809,278,53972,57369,3147,2101.158615,395.3977594,1100228,16856,,,
法国,2020/5/8,137779,629,25987,178,55027,56765,2961,2110.79499,398.1247462,1384633,21213,,,
法国,2020/5/9,138421,642,26230,243,55782,56409,2868,2120.630527,401.8475427,1384633,21213,,,
法国,2020/5/10,138854,433,26310,80,56038,56506,2812,2127.264152,403.0731547,1384633,21213,,,
法国,2020/5/11,139063,209,26380,70,56217,56466,2776,2130.466063,404.1455653,1384633,21213,,,
法国,2020/5/12,139519,456,26643,263,56724,56152,2712,2137.452052,408.1747648,1384633,21213,,,
法国,2020/5/13,140227,708,26991,348,57785,55451,2542,2148.298718,413.5061771,1384633,21213,,,
法国,2020/5/14,140734,507,27074,83,58673,54987,2428,2156.066034,414.7777496,1384633,21213,,,
法国,2020/5/15,141356,622,27425,351,59605,54326,2299,2165.595168,420.1551223,1384633,21213,,,
法国,2020/5/16,141919,563,27529,104,60448,53942,2203,2174.220412,421.748418,1384633,21219,,,
法国,2020/5/17,142291,372,27625,96,61066,53600,2132,2179.919508,423.2191524,1384633,21219,,,
法国,2020/5/18,142411,120,27891,266,61213,53307,2087,2181.757926,427.2943124,1384633,21218,,,
法国,2020/5/19,142903,492,28022,131,61728,53153,1998,2189.29544,429.3012521,1384633,21218,,,
法国,2020/5/20,143427,524,28022,0,62563,52842,1894,2197.323199,429.3012521,1384633,21218,,,
法国,2020/5/21,143845,418,28132,110,63354,52359,1794,2203.727022,430.9864686,1384633,21218,,,
法国,2020/5/22,144163,318,28215,83,63858,52090,1745,2208.59883,432.2580411,1384633,21218,,,
法国,2020/5/23,144556,393,28289,74,64209,52058,1701,2214.619649,433.3917322,1384633,21218,,,
法国,2020/5/24,144806,250,28332,43,64547,51927,1665,2218.449686,434.0504987,1384633,21218,,,
法国,2020/5/25,144921,115,28367,35,64617,51937,1655,2220.211504,434.5867039,1384633,21218,,,
法国,2020/5/26,145279,358,28457,90,65199,51623,1609,2225.696117,435.9655175,1384633,21217,,,
法国,2020/5/27,145555,276,28530,73,65879,51146,1555,2229.924479,437.0838884,1384633,21217,,,
法国,2020/5/28,145746,191,28596,66,66584,50566,1501,2232.850628,438.0950184,1384633,21217,,,
法国,2020/5/29,149071,3325,28662,66,67191,53218,1429,2283.790127,439.1061483,1384633,21217,,,
法国,2020/5/30,149668,597,28714,52,67803,53151,1361,2292.936257,439.9027961,1384633,21217,,,
法国,2020/5/31,151325,1657,28771,57,68268,54286,1325,2318.321746,440.7760447,1384633,21217,,,
法国,2020/6/1,151325,0,28802,31,68355,54168,1319,2318.321746,441.2509693,1384633,21217,,,
法国,2020/6/2,151325,0,28833,31,68440,54052,1302,2318.321746,441.725894,1384633,21217,,,
法国,2020/6/3,151325,0,28940,107,68812,53573,1253,2318.321746,443.3651501,1384633,21216,,,
法国,2020/6/4,151677,352,29021,81,69455,53201,1210,2324,445,1384633,21216,,,
法国,2020/6/5,152444,767,29065,44,69976,53403,1163,2336,445,1384633,21216,,,
法国,2020/6/6,153055,611,29111,46,70504,53440,1094,2345,446,1384633,21216,,,
法国,2020/6/7,153634,579,29142,31,70806,53686,1059,2354,447,1384633,21216,,,
法国,2020/6/8,153977,343,29155,13,70842,53980,1053,2359,447,1384633,21216,,,
法国,2020/6/9,154188,211,29209,54,71062,53917,1024,2363,448,1384633,21216,,,ya
法国,2020/6/10,154591,403,29296,87,71506,53789,955,2369,449,1384633,21216,,,
法国,2020/6/11,155136,545,29319,23,71832,53985,933,2377,449,1384633,21215,,,
法国,2020/6/12,155561,425,29346,27,72149,54066,903,2383,450,1384633,21215,,,
法国,2020/6/13,156287,726,29374,28,72572,54341,879,2395,450,1384633,21215,,,
法国,2020/6/14,156813,526,29398,24,72808,54607,871,2403,450,1384633,21215,,,
法国,2020/6/15,157220,407,29407,9,72859,54954,869,2409,451,1384633,21215,,,
法国,2020/6/16,157372,152,29436,29,73044,54892,846,2411,451,1384633,21215,,,
法国,2020/6/17,157716,344,29547,111,73335,54834,820,2416,453,1384633,21215,,,
法国,2020/6/18,158174,458,29575,28,73667,54932,772,2423,453,1384633,21214,,,
法国,2020/6/19,158641,467,29603,28,73887,55151,752,2431,454,1384633,21214,,,
法国,2020/6/20,159452,811,29617,14,74117,55718,727,2443,454,1384633,21214,,,
法国,2020/6/21,160093,641,29633,16,74312,56148,715,2453,454,1384633,21214,,,
法国,2020/6/22,160377,284,29640,7,74372,56365,715,2457,454,1384633,21214,,,
德国,2020/2/1,7,,0,0,,,,,,,,,,
德国,2020/2/2,8,1,0,0,,,,,,,,,,
德国,2020/2/3,10,2,0,0,,,,,,,,,,
德国,2020/2/4,12,2,0,0,,,,,,,,,,
德国,2020/2/5,12,0,0,0,,,,,,,,,,
德国,2020/2/6,12,0,0,0,,,,,,,,,,
德国,2020/2/7,13,1,0,0,,,,,,,,,,
德国,2020/2/8,14,1,0,0,,,,,,,,,,
德国,2020/2/9,14,0,0,0,,,,,,,,,,
德国,2020/2/10,14,0,0,0,,,,,,,,,,
德国,2020/2/11,14,0,0,0,,,,,,,,,,
德国,2020/2/12,16,2,0,0,,,,,,,,,,
德国,2020/2/13,16,0,0,0,,,,,,,,,,
德国,2020/2/14,16,0,0,0,,,,,,,,,,
德国,2020/2/15,16,0,0,0,,,,,,,,,,
德国,2020/2/16,16,0,0,0,,,,,,,,,,
德国,2020/2/17,16,0,0,0,,,,,,,,,,
德国,2020/2/18,16,0,0,0,,,,,,,,,,
德国,2020/2/19,16,0,0,0,,,,,,,,,,
德国,2020/2/20,16,0,0,0,,,,,,,,,,
德国,2020/2/21,16,0,0,0,,,,,,,,,,
德国,2020/2/22,16,0,0,0,,,,,,,,,,
德国,2020/2/23,16,0,0,0,,,,,,,,,,
德国,2020/2/24,16,0,0,0,,,,,,,,,,
德国,2020/2/25,16,0,0,0,,,,,,,,,,
德国,2020/2/26,18,2,0,0,,,,,,,,,,
德国,2020/2/27,21,3,0,0,,,,,,,,,,
德国,2020/2/28,26,5,0,0,,,,,,,,,,
德国,2020/2/29,57,31,0,0,,,,,,,,,,
德国,2020/3/1,57,0,0,0,,,,,,,,,,
德国,2020/3/2,129,72,0,0,,,,,,,,,,
德国,2020/3/3,157,28,0,0,,,,,,,,,,
德国,2020/3/4,196,39,0,0,,,,,,,,,,
德国,2020/3/5,262,66,0,0,,,,,,,,,,
德国,2020/3/6,534,272,0,0,,,,,,,,,,
德国,2020/3/7,670,136,0,0,17,653,8,,,,,,,
德国,2020/3/8,800,130,0,0,18,782,9,9.5,,,,,,
德国,2020/3/9,1040,240,0,0,18,1022,9,12.4,,,,,,
德国,2020/3/10,1224,184,2,2,18,1204,9,14.6,,,,,,
德国,2020/3/11,1565,341,2,0,18,1545,9,18.7,,,,,,
德国,2020/3/12,1908,343,3,1,25,1880,9,22.8,,,,,,
德国,2020/3/13,2745,837,6,3,25,2714,9,32.8,,,,,,
德国,2020/3/14,3675,930,8,2,46,3621,9,43.9,,,,,,
德国,2020/3/15,4599,924,9,1,46,4544,9,54.9,,,,,,
德国,2020/3/16,5813,1214,11,2,46,5756,2,69.4,,,,,,
德国,2020/3/17,7241,1428,15,4,65,7161,2,86.4,,,,,,
德国,2020/3/18,9367,2126,26,11,67,9274,2,111.8,,,,,,
德国,2020/3/19,12327,2960,28,2,105,12194,2,147,,,,,,
德国,2020/3/20,15320,2993,44,16,115,15161,2,183,,,,,,
德国,2020/3/21,19848,4528,70,26,180,19892,2,240,,,,,,
德国,2020/3/22,22364,2516,84,14,209,22071,2,267,,,,,,
德国,2020/3/23,24852,2488,94,10,266,24492,23,297,,,,,,
德国,2020/3/24,29056,4204,123,29,453,28480,23,347,,,,,,
德国,2020/3/25,32986,3930,157,34,3243,29586,23,394,2,,,,,
德国,2020/3/26,37323,4337,206,49,3547,33570,23,445,2,,,,,
德国,2020/3/27,43646,6323,262,56,5673,37711,23,521,3,,,,,
德国,2020/3/28,50871,7225,342,80,6658,43871,23,607,4,,,,,
德国,2020/3/29,57695,6824,433,91,8481,48781,1581,689,5,,,,,
德国,2020/3/30,62095,4400,525,92,9211,52359,1979,741,6,,,,,
德国,2020/3/31,66711,4616,645,120,13500,52566,1979,796,8,,,,,
德国,2020/4/1,71690,4979,774,129,16100,54816,2675,856,9,,,,,
德国,2020/4/2,77921,6231,925,151,18700,58296,3408,930,11,,,,,
德国,2020/4/3,84788,6867,1107,182,22440,61241,3936,1012,13,,,,,
德国,2020/4/4,91159,6371,1275,168,24575,65309,3936,1088,15,,,,,
德国,2020/4/5,96092,4933,1444,169,26400,68248,3936,1147,17,918460,10962,,,
德国,2020/4/6,100024,3932,1576,132,28700,69748,3936,1194,19,918460,10962,,,
德国,2020/4/7,102453,2429,1735,159,28700,72018,4895,1223,21,918460,10962,,,
德国,2020/4/8,107663,5210,2016,281,36081,69566,4895,1285,24,918460,10962,,,
德国,2020/4/9,112113,4450,2208,192,36081,73824,4895,1338,26,918460,10962,,,
德国,2020/4/10,116801,4688,2529,321,52407,61865,4895,1394,30,1317887,15730,,,
德国,2020/4/11,121045,4244,2728,199,53913,64404,4895,1445,33,1317887,15730,,,
德国,2020/4/12,124288,3243,2736,8,57400,64152,4895,1483,33,1317887,15730,,,
德国,2020/4/13,127574,3286,3011,275,60300,64263,4895,1523,36,1317887,15730,,,
德国,2020/4/14,129207,1633,3118,107,64300,61789,4895,1542,37,1317887,15730,,,
德国,2020/4/15,131359,2152,3294,176,68200,59865,4288,1568,39,1317887,15730,,,
德国,2020/4/16,133456,2097,3592,298,72600,57264,4288,1593,43,1728357,20629,,,
德国,2020/4/17,137698,4242,4052,460,77000,56646,4288,1643,48,1728357,20629,,,
德国,2020/4/18,140886,3188,4326,274,83114,53446,5013,1682,52,1728357,20629,,,
德国,2020/4/19,143342,2456,4459,133,85400,53483,2922,1711,53,1728357,20629,,,
德国,2020/4/20,145184,1842,4586,127,88000,52598,2889,1733,55,1728357,20629,,,
德国,2020/4/21,146653,1469,4706,120,91500,50447,2889,1750,56,1728357,20629,,,
德国,2020/4/22,148291,1638,5033,327,95200,48058,2889,1770,60,1728357,20629,,,
德国,2020/4/23,150062,1771,5250,217,99400,45412,2908,1791,63,2072669,24738,,,
德国,2020/4/24,151784,1722,5404,154,103300,43080,2908,1812,64,2072669,24738,,,
德国,2020/4/25,154545,2761,5723,319,106800,42022,2908,1845,68,2072669,24738,,,
德国,2020/4/26,156126,1581,5846,123,109800,40480,2908,1863,70,2072669,24738,,,
德国,2020/4/27,157495,1369,5944,98,112000,39551,2570,1880,71,2072669,24738,,,
德国,2020/4/28,158389,894,6050,106,114500,37839,2570,1890,72,2072669,24738,,,
德国,2020/4/29,159431,1042,6215,165,117400,35816,2409,1903,74,2072669,24738,,,
德国,2020/4/30,161197,1766,6405,190,120400,34392,2415,1924,76,2547052,30400,,,
德国,2020/5/1,162530,1333,6572,167,123500,32458,2415,1940,78,2547052,30400,,,
德国,2020/5/2,164077,1547,6736,164,126900,30441,2189,1958,80,2547052,30400,,,
德国,2020/5/3,164967,890,6812,76,129000,29155,2105,1969,81,2547052,30400,,,
德国,2020/5/4,165565,598,6848,36,130600,28117,1979,1976,82,2547052,30400,,,
德国,2020/5/5,165940,375,6943,95,132700,26297,1949,1981,83,2547052,30400,,,
德国,2020/5/6,166706,766,6993,50,135100,24613,1937,1990,83,2547052,30400,,,
德国,2020/5/7,168162,1456,7275,282,137696,23191,1884,2007,87,2755770,32891,,,
德国,2020/5/8,169430,1268,7392,117,139900,22138,1823,2022,88,2755770,32891,,,
德国,2020/5/9,170588,1158,7510,118,141700,21378,1712,2036,90,2755770,32891,,,
德国,2020/5/10,171324,736,7549,39,143300,20475,1650,2045,90,2755770,32891,,,
德国,2020/5/11,171780,456,7560,11,144400,19820,1581,2050,90,2755770,32891,,,
德国,2020/5/12,172517,737,7653,93,145600,19264,1576,2059,91,2755770,32891,,,
德国,2020/5/13,173171,654,7738,85,147200,18233,1539,2067,92,2755770,32891,,,
德国,2020/5/14,174098,927,7859,121,148700,17539,1465,2078,94,3147771,37570,,,
德国,2020/5/15,174975,877,7928,69,150300,16747,1329,2088,95,3147771,37570,,,
德国,2020/5/16,175678,703,7999,71,151700,15979,1294,2098,96,3147771,37585,,,
德国,2020/5/17,176081,403,8019,20,152600,15462,1203,2102,96,3147771,37585,,,
德国,2020/5/18,176625,544,8048,29,153400,15177,1166,2109,96,3147771,37585,,,
德国,2020/5/19,177289,664,8123,75,154600,14566,1133,2117,97,3147771,37584,,,
德国,2020/5/20,177827,538,8193,70,155700,13934,1133,2123,98,3147771,37584,,,
德国,2020/5/21,178494,667,8265,72,156900,13329,1045,2131,99,3595059,42924,,,
德国,2020/5/22,179021,527,8309,44,158000,12712,1016,2137,99,3595059,42924,,,
德国,2020/5/23,179713,692,8352,43,159000,12361,965,2146,100,3595059,42923,,,
德国,2020/5/24,179986,273,8366,14,159900,11720,919,2149,100,3595059,42923,,,
德国,2020/5/25,180328,342,8371,5,160200,11657,889,2153,100,3595059,42923,,,
德国,2020/5/26,180789,461,8428,57,161200,11161,873,2158,101,3595059,42922,,,
德国,2020/5/27,181288,499,8498,70,162000,10790,821,2164,101,3595059,42922,,,
德国,2020/5/28,181895,607,8533,35,162800,10562,763,2172,102,3952971,47195,,,
德国,2020/5/29,182452,557,8570,37,163200,10682,744,2178,102,3952971,47194,,,
德国,2020/5/30,183019,567,8594,24,164100,10325,729,2185,103,3952971,47194,,,
德国,2020/5/31,183294,275,8600,6,164900,9794,720,2188,103,3952971,47194,,,
德国,2020/6/1,183494,200,8605,5,165200,9689,702,2191,103,3952971,47193,,,
德国,2020/6/2,183765,271,8618,13,165900,9247,677,2194,103,3952971,47193,,,
德国,2020/6/3,184064,299,8649,31,166400,9015,689,2197,103,3952971,47192,,,
德国,2020/6/4,184396,332,8698,49,167300,8398,632,2201,104,4348880,51918,,,
德国,2020/6/5,184923,527,8736,38,167800,8387,632,2208,104,4348880,51918,,,
德国,2020/6/6,185414,491,8763,27,168500,8151,595,2213,105,4348880,51917,,,
德国,2020/6/7,185696,282,8769,6,168900,8027,595,2217,105,4348880,51917,,,
德国,2020/6/8,185869,173,8776,7,169100,7993,568,2219,105,4348880,51917,,,
德国,2020/6/9,186205,336,8783,7,169600,7822,540,2223,105,4348880,51916,,,
德国,2020/6/10,186516,311,8831,48,170200,7485,540,2227,105,4348880,51916,,,
德国,2020/6/11,186795,279,8844,13,170700,7322,492,2231,106,4694147,56037,,,
德国,2020/6/12,186795,0,8851,7,171200,6744,462,2230,106,4694147,56036,,,
德国,2020/6/13,187251,456,8863,12,171600,6788,462,2235,106,4694147,56036,,,
德国,2020/6/14,187423,172,8867,4,171900,6656,447,2237,106,4694147,56035,,,
德国,2020/6/15,187671,248,8870,3,172200,6601,447,2240,106,4694147,56035,,,
德国,2020/6/16,188044,373,8885,15,172600,6559,425,2245,106,4694147,56034,,,
德国,2020/6/17,188382,338,8910,25,173100,6372,419,2249,106,4694147,56034,,,
德国,2020/6/18,189504,1122,8927,17,173600,7652,406,2270,107,5029696,60039,,,
德国,2020/6/19,190050,546,8944,17,174100,7006,396,2269,107,5029696,60038,,,
德国,2020/6/20,190660,610,8960,16,174400,7300,396,2276,107,5029696,60038,,,
德国,2020/6/21,191216,556,8961,1,174700,7555,376,2282,107,5029696,60037,,,
德国,2020/6/22,191575,359,8962,1,174900,7713,376,2287,107,5029696,60037,,,